it's	it is
i'm	i am
let's	let us
don't	do not
can't	can not
won't	will not
you're	you are
that's	that is
isn't	is not
here's	here is
you'd	you would
i'll	i will
we're	we are
they're	they are
i've	i have
you've	you have
we'll	we will
he's	he is
she's	she is
what's	what is
there's	there is
didn't	did not
doesn't	does not
couldn't	could not
wouldn't	would not
shouldn't	should not
aren't	are not
wasn't	was not
weren't	were not
hasn't	has not
haven't	have not
hadn't	had not
you'll	you will
it'd	it would
i'd	i would
she'll	she will
he'll	he will
we've	we have
they'll	they will
that'll	that will
who's	who is
who'll	who will
there'll	there will
mustn't	must not
needn't	need not
would've	would have
could've	could have
should've	should have
might've	might have
ma'am	madam
