the	art	这；那个（定冠词）
of	prep	……的
and	conj	和；并且
to	part	到；向（不定式标记）
a	art	一（个）
in	prep	在……里
for	prep	为了；给
is	v	是（be 的第三人称单数）
on	prep	在……上
that	pron	那个；引导从句
by	prep	通过；被；在旁
this	pron	这；这个
with	prep	和……一起；用
i	pron	我
you	pron	你；你们
it	pron	它
not	adv	不
be	v	是；存在
are	v	是（be 的复数/第二人称）
from	prep	从；来自
at	prep	在（某点）
as	conj	作为；当……时；因为
your	pron	你的；你们的
all	det	全部；所有
have	v	有；已经（助动词）
new	adj	新的
more	adj	更多的
an	art	一（个，元音前）
was	v	是（is/am 的过去式）
we	pron	我们
will	aux	将要；会
home	n	家
can	aux	能；可以
us	pron	我们（宾格）
about	prep	关于；大约
if	conj	如果；是否
page	n	页；网页
my	pron	我的
has	v	有（have 的第三人称单数）
search	v	搜索；查找
free	adj	免费的；自由的
but	conj	但是
our	pron	我们的
one	num	一；一个
other	adj	其他的
do	v	做；助动词
no	adv	不；没有
information	n	信息
time	n	时间；次
they	pron	他们；她们；它们
site	n	地点；网站
he	pron	他
up	adv	向上；起来
may	aux	可能；可以
what	pron	什么
which	pron	哪一个
their	pron	他们的
news	n	新闻；消息
out	adv	出去；在外
use	v	使用
any	det	任何的
there	adv	在那里；有（there be）
see	v	看见；明白
only	adv	只；仅仅
so	adv	所以；如此
his	pron	他的
when	adv	什么时候
contact	v	联系
here	adv	这里
business	n	生意；事务
who	pron	谁
web	n	网；网络
also	adv	也
now	adv	现在
help	v	帮助
get	v	得到；变得
view	n	观点；景色；查看
online	adj	在线的
first	num	第一
been	v	是（be 的过去分词）
would	aux	会（will 的过去式；委婉）
how	adv	怎么；如何
were	v	是（are 的过去式）
me	pron	我（宾格）
services	n	服务（service 的复数）
some	det	一些
these	pron	这些
click	v	点击
its	pron	它的
like	v	喜欢；prep 像
service	n	服务
than	conj	比
find	v	找到；发现
price	n	价格
date	n	日期；约会
back	adv	回；向后；n 背
top	n	顶部；adj 最高的
people	n	人们
had	v	有（have 的过去式）
list	n	清单；列表
name	n	名字
just	adv	刚刚；只是
over	prep	在……上方；超过
state	n	州；状态
year	n	年
day	n	天；日
into	prep	到……里
email	n	电子邮件
two	num	二
health	n	健康
world	n	世界
next	adj	下一个
used	v	使用（use 的过去式；used to 过去常常）
go	v	去
work	v	工作；起作用
last	adj	最后的；v 持续
most	adj	最多的；最
products	n	产品（product 的复数）
music	n	音乐
buy	v	买
data	n	数据
make	v	做；制造；使
them	pron	他们（宾格）
should	aux	应该
product	n	产品
system	n	系统
post	v	邮寄；发布；n 岗位
her	pron	她的；她
city	n	城市
add	v	添加
policy	n	政策；保单
number	n	数字；号码
such	adj	这样的
please	v	请；使高兴
available	adj	可获得的；有空的
copyright	n	版权
support	v	支持
message	n	消息
after	prep	在……之后
best	adj	最好的
software	n	软件
then	adv	那时；然后
good	adj	好的
video	n	视频
well	adv	好；int 嗯；n 井
where	adv	在哪里
info	n	信息（information 的略）
rights	n	权利（right 的复数）
public	adj	公共的
books	n	书（book 的复数）
high	adj	高的
school	n	学校
through	prep	穿过；通过
each	det	每一
links	n	链接（link 的复数）
she	pron	她
review	n	评论；复习
years	n	年（year 的复数）
order	n	顺序；订单；v 命令
very	adv	很；非常
privacy	n	隐私
book	n	书；v 预订
items	n	项；物品（item 的复数）
company	n	公司；陪伴
read	v	读
group	n	组；群
need	v	需要
many	adj	许多
user	n	用户
said	v	说（say 的过去式/过去分词）
does	v	做（do 的第三人称单数）
set	v	设置；n 一套
under	prep	在……下面
general	adj	一般的；总的
research	n	研究
university	n	大学
january	n	一月
mail	n	邮件；v 邮寄
full	adj	满的；完整的
map	n	地图
reviews	n	评论（review 的复数）
program	n	程序；节目；计划
life	n	生活；生命
know	v	知道
games	n	游戏（game 的复数）
way	n	路；方法
days	n	天（day 的复数）
management	n	管理
part	n	部分；角色
could	aux	能（can 的过去式；委婉）
great	adj	伟大的；极好的
united	adj	联合的
hotel	n	旅馆
real	adj	真实的
item	n	项；物品
international	adj	国际的
center	n	中心（美式拼法）
must	aux	必须；一定
store	n	商店；v 储存
travel	v	旅行
comments	n	评论（comment 的复数）
made	v	做（make 的过去式/过去分词）
development	n	发展；开发
report	n	报告
off	adv	关掉；离开
member	n	成员
details	n	细节（detail 的复数）
line	n	线；行
terms	n	条款；术语（term 的复数）
before	prep	在……之前
hotels	n	旅馆（hotel 的复数）
did	v	做（do 的过去式）
send	v	发送
right	adj	正确的；右边的；n 权利
type	n	类型；v 打字
because	conj	因为
local	adj	当地的
those	pron	那些
using	v	使用（use 的现在分词）
results	n	结果（result 的复数）
office	n	办公室
education	n	教育
national	adj	国家的
car	n	汽车
design	v	设计
take	v	拿；带走；采取
posted	v	发布（post 的过去式）
internet	n	互联网
address	n	地址
community	n	社区
within	prep	在……之内
states	n	州（state 的复数）
area	n	地区；领域
want	v	想要
phone	n	电话
shipping	n	运送
reserved	adj	预订的；保留的
subject	n	主题；科目
between	prep	在……之间
forum	n	论坛
family	n	家庭
long	adj	长的
based	adj	以……为基础的
code	n	代码；密码
show	v	展示；演出
even	adv	甚至；连
black	adj	黑色的
check	v	检查；核对
special	adj	特别的
prices	n	价格（price 的复数）
website	n	网站
index	n	索引
being	v	存在（be 的现在分词）；n 生物
women	n	女人（woman 的复数）
much	det	多（不可数）
sign	n	标志；v 签名
file	n	文件
link	n	链接
open	v	打开；adj 开着的
today	adv	今天
technology	n	技术
south	n	南方
case	n	情况；案子；箱
project	n	项目
same	adj	相同的
pages	n	页（page 的复数）
version	n	版本
section	n	部分；章节
own	adj	自己的
found	v	找到（find 的过去式）；创立
sports	n	运动（sport 的复数）
house	n	房子
related	adj	有关的
security	n	安全
both	det	两者都
county	n	县
american	adj	美国的；n 美国人
photo	n	照片
game	n	游戏；比赛
members	n	成员（member 的复数）
power	n	力量；权力
while	conj	当……时；然而
care	n	关心；照料
network	n	网络
down	adv	向下
computer	n	计算机
systems	n	系统（system 的复数）
three	num	三
total	n	总计；adj 总的
place	n	地方
end	n	结尾；v 结束
following	adj	下列的；prep 在……之后
download	v	下载
him	pron	他（宾格）
without	prep	没有
per	prep	每
access	n	入口；访问权
think	v	想；认为
north	n	北方
resources	n	资源（resource 的复数）
current	adj	当前的
posts	n	帖子（post 的复数）
media	n	媒体
law	n	法律
control	v	控制
water	n	水
history	n	历史
pictures	n	图片（picture 的复数）
size	n	大小
art	n	艺术
personal	adj	个人的
since	conj	自从；既然
including	prep	包括
guide	n	指南；导游
shop	n	商店；v 购物
directory	n	目录
board	n	板；委员会
location	n	位置
change	v	改变
white	adj	白色的
text	n	文本
small	adj	小的
rating	n	评级
rate	n	比率；速率；v 评价
government	n	政府
children	n	孩子（child 的复数）
during	prep	在……期间
return	v	返回；n 归还
students	n	学生（student 的复数）
shopping	n	购物
account	n	账户；描述
times	n	次；时代（time 的复数）
sites	n	网站（site 的复数）
level	n	水平；层级
digital	adj	数字的
profile	n	简介；侧影
previous	adj	先前的
form	n	表格；形式；v 形成
events	n	事件（event 的复数）
love	v	爱；n 爱情
old	adj	旧的；老的
john	n	约翰（人名）
main	adj	主要的
call	v	打电话；称呼
hours	n	小时（hour 的复数）
image	n	图像
department	n	部门
title	n	标题；头衔
description	n	描述
insurance	n	保险
another	adj	另一个的
why	adv	为什么
shall	aux	将要（正式）；……好吗（提议）
property	n	财产；房产
class	n	班；类别
still	adv	仍然
money	n	钱
quality	n	质量
every	det	每一
listing	n	清单；挂牌
content	n	内容；adj 满足的
country	n	国家；乡村
private	adj	私人的
little	adj	小的；少的
visit	v	参观；拜访
save	v	节省；拯救；储存
tools	n	工具（tool 的复数）
low	adj	低的
reply	n	回复；v 答复
customer	n	顾客
december	n	十二月
compare	v	比较
movies	n	电影（movie 的复数）
include	v	包括
college	n	学院；大学
value	n	价值
article	n	文章；物品
york	n	约克（New York 纽约）
man	n	男人；人
card	n	卡片
jobs	n	工作（job 的复数）
provide	v	提供
food	n	食物
source	n	来源
author	n	作者
different	adj	不同的
press	v	按；n 出版社；新闻
learn	v	学习
sale	n	出售；廉价销售
around	prep	围绕；大约
print	v	打印
course	n	课程；当然（of course）
job	n	工作
canada	n	加拿大
process	n	过程；v 加工
teen	n	青少年
room	n	房间；空间
stock	n	存货；股票
training	n	训练
too	adv	也；太
credit	n	信用；学分
point	n	点；观点
join	v	加入
science	n	科学
men	n	男人（man 的复数）
categories	n	类别（category 的复数）
advanced	adj	高级的
west	n	西方
sales	n	销售（sale 的复数）
look	v	看；看起来
english	n	英语；adj 英国的
left	adj	左边的；leave 的过去式
team	n	队
estate	n	房地产
box	n	盒子
conditions	n	条件（condition 的复数）
select	v	选择
windows	n	窗口（window 的复数）
photos	n	照片（photo 的复数）
thread	n	线；帖子串
week	n	星期
category	n	类别
note	n	笔记；便条
live	v	住；直播；adj 活的
large	adj	大的
gallery	n	画廊
table	n	桌子；表格
register	v	登记；注册
however	adv	然而
june	n	六月
october	n	十月
november	n	十一月
market	n	市场
library	n	图书馆
really	adv	真正地
action	n	行动
start	v	开始
series	n	系列
model	n	模型；型号
features	n	特征（feature 的复数）
air	n	空气
industry	n	工业
plan	n	计划
human	n	人；adj 人的
provided	conj	假如；v 提供（provide 的过去式）
tv	n	电视
yes	adv	是的
required	adj	必需的
second	num	第二；n 秒
accessories	n	配件（accessory 的复数）
cost	n	成本；v 花费
movie	n	电影
march	n	三月
september	n	九月
better	adj	更好的
say	v	说
questions	n	问题（question 的复数）
july	n	七月
going	v	去（go 的现在分词）
medical	adj	医学的
test	n	测试
friend	n	朋友
come	v	来
server	n	服务器
pc	n	个人电脑
study	v	学习；n 书房
application	n	申请；应用
cart	n	购物车
staff	n	员工
articles	n	文章（article 的复数）
feedback	n	反馈
again	adv	再；又
play	v	玩；播放
looking	v	看（look 的现在分词）
issues	n	问题（issue 的复数）
april	n	四月
never	adv	从不
users	n	用户（user 的复数）
complete	v	完成；adj 完整的
street	n	街道
topic	n	话题
comment	n	评论
financial	adj	金融的
things	n	东西（thing 的复数）
working	v	工作（work 的现在分词）
against	prep	反对；靠着
standard	n	标准
tax	n	税
person	n	人
below	prep	在……下面
mobile	adj	移动的；n 手机
less	adv	更少
got	v	得到（get 的过去式）
blog	n	博客
party	n	聚会；政党
payment	n	付款
equipment	n	设备
login	n	登录
student	n	学生
let	v	让
programs	n	程序；节目（program 的复数）
offers	n	提供；报价（offer 的复数）
legal	adj	合法的
above	prep	在……上面
recent	adj	最近的
park	n	公园；v 停车
stores	n	商店（store 的复数）
side	n	边
act	n	行为；（戏剧）一幕
problem	n	问题
red	adj	红色的
give	v	给
memory	n	记忆；内存
performance	n	性能；表演
social	adj	社会的
august	n	八月
quote	n	引语；报价
language	n	语言
story	n	故事
sell	v	卖
options	n	选项（option 的复数）
experience	n	经验；经历
rates	n	比率（rate 的复数）
create	v	创造
key	n	钥匙；关键
body	n	身体；正文
young	adj	年轻的
america	n	美国；美洲
important	adj	重要的
field	n	田地；领域
few	adj	很少的
east	n	东方
paper	n	纸；论文
single	adj	单一的
age	n	年龄；时代
activities	n	活动（activity 的复数）
club	n	俱乐部
example	n	例子
girls	n	女孩（girl 的复数）
additional	adj	额外的
password	n	密码
latest	adj	最新的
something	pron	某事；某物
road	n	路
gift	n	礼物
question	n	问题
changes	n	变化（change 的复数）
night	n	夜晚
hard	adj	难的；硬的
texas	n	得克萨斯（美国州名）
pay	v	支付
four	num	四
status	n	状态
browse	v	浏览
issue	n	问题；发行
range	n	范围
building	n	建筑物
seller	n	卖家
court	n	法院；球场
february	n	二月
always	adv	总是
result	n	结果
audio	n	音频
light	n	光；adj 轻的；明亮的
write	v	写
war	n	战争
offer	v	提供；n 报价
blue	adj	蓝色的
groups	n	组（group 的复数）
easy	adj	容易的
given	adj	给定的；give 的过去分词
files	n	文件（file 的复数）
event	n	事件
release	v	发布；n 发行
analysis	n	分析
request	n	请求
china	n	中国；瓷器
making	v	做（make 的现在分词）
picture	n	图片
needs	n	需要（need 的复数）
possible	adj	可能的
might	aux	可能
professional	adj	专业的；n 专业人员
yet	adv	还（没）；然而
month	n	月
major	adj	主要的；n 专业
star	n	星；明星
areas	n	地区（area 的复数）
future	n	未来
space	n	空间；太空
committee	n	委员会
hand	n	手
cards	n	卡片（card 的复数）
problems	n	问题（problem 的复数）
london	n	伦敦
washington	n	华盛顿
meeting	n	会议
become	v	变成
interest	n	兴趣；利息
child	n	孩子
keep	v	保持
enter	v	进入；输入
california	n	加利福尼亚（美国州名）
share	v	分享
similar	adj	相似的
garden	n	花园
schools	n	学校（school 的复数）
million	num	百万
added	v	添加（add 的过去式）
reference	n	参考
companies	n	公司（company 的复数）
listed	adj	列出的
baby	n	婴儿
learning	n	学习
energy	n	能量
run	v	跑；运行
delivery	n	递送
popular	adj	流行的
term	n	术语；学期
film	n	电影
stories	n	故事（story 的复数）
put	v	放
computers	n	计算机（computer 的复数）
journal	n	期刊；日志
reports	n	报告（report 的复数）
try	v	尝试
welcome	v	欢迎
central	adj	中心的
images	n	图像（image 的复数）
president	n	总统；主席
notice	n	通知；v 注意到
god	n	上帝；神
original	adj	最初的；原创的
head	n	头；首领
radio	n	收音机
until	prep	直到
cell	n	细胞；蜂窝（手机 cell phone）
color	n	颜色（美式拼法）
self	pron	自己
council	n	委员会；理事会
away	adv	离开
includes	v	包括（include 的第三人称单数）
track	n	轨道；追踪
australia	n	澳大利亚
discussion	n	讨论
archive	n	档案
once	adv	一次；曾经
others	pron	其他人；其他
entertainment	n	娱乐
agreement	n	协议
format	n	格式
least	adj	最少的（little 的最高级）
society	n	社会
months	n	月（month 的复数）
log	n	日志；v 记录
safety	n	安全
friends	n	朋友（friend 的复数）
sure	adj	确定的
trade	n	贸易
edition	n	版本
cars	n	汽车（car 的复数）
messages	n	消息（message 的复数）
marketing	n	市场营销
tell	v	告诉
further	adv	进一步
updated	v	更新（update 的过去式）
association	n	协会；联系
able	adj	能够的
having	v	有（have 的现在分词）
provides	v	提供（provide 的第三人称单数）
david	n	大卫（人名）
fun	n	乐趣
already	adv	已经
green	adj	绿色的；环保的
studies	n	研究（study 的复数）
close	v	关闭；adj 近的
common	adj	常见的；共同的
drive	v	驾驶；n 车道
specific	adj	具体的
several	adj	几个
gold	n	金；金色的
living	adj	活着的；n 生计
collection	n	收藏
called	v	称为（call 的过去式）
short	adj	短的
arts	n	艺术（art 的复数）
lot	n	许多（a lot）；地块
ask	v	问；请求
display	n	显示；v 展示
limited	adj	有限的
powered	adj	由……供动的
solutions	n	解决方案（solution 的复数）
means	v	意味着；n 手段（mean 的第三人称单数）
director	n	导演；主管
daily	adj	每日的
beach	n	海滩
past	n	过去；prep 过
natural	adj	自然的
whether	conj	是否
due	adj	到期的；由于
electronics	n	电子产品
five	num	五
upon	prep	在……上（正式）
period	n	时期
planning	n	规划
database	n	数据库
says	v	说（say 的第三人称单数）
official	adj	官方的
weather	n	天气
land	n	陆地；v 着陆
average	adj	平均的；n 平均数
done	adj	完成的（do 的过去分词）
technical	adj	技术的
window	n	窗户；窗口
france	n	法国
pro	n	专业人士；adj 赞成的
region	n	地区
island	n	岛
record	n	记录；v 录制
direct	adj	直接的
conference	n	会议
environment	n	环境
records	n	记录（record 的复数）
district	n	区
calendar	n	日历
costs	n	成本（cost 的复数）
style	n	风格
front	n	前面
statement	n	声明；报表
update	v	更新
parts	n	部分（part 的复数）
ever	adv	曾经
downloads	n	下载（download 的复数）
early	adj	早的
miles	n	英里（mile 的复数）
sound	n	声音；v 听起来
resource	n	资源
present	adj	现在的；出席的；n 礼物
applications	n	应用（application 的复数）
either	adv	（两者中）任一；也（不）
ago	adv	以前
document	n	文件
word	n	词；话
works	v	工作（work 的第三人称单数）；n 著作
material	n	材料
bill	n	账单；法案
written	v	写（write 的过去分词）
talk	v	说话
federal	adj	联邦的
hosting	n	托管
rules	n	规则（rule 的复数）
final	adj	最后的
adult	n	成年人
tickets	n	票（ticket 的复数）
thing	n	东西
centre	n	中心（英式拼法）
requirements	n	要求（requirement 的复数）
via	prep	通过（经由）
cheap	adj	便宜的
kids	n	孩子（kid 的复数）
finance	n	财政；v 提供资金
true	adj	真的
minutes	n	分钟（minute 的复数）
else	adv	别的
mark	n	记号；v 标记
third	num	第三
rock	n	岩石；摇滚
gifts	n	礼物（gift 的复数）
europe	n	欧洲
reading	n	阅读
topics	n	话题（topic 的复数）
bad	adj	坏的
big	adj	大的
individual	adj	个人的；n 个人
tips	n	提示；小费（tip 的复数）
plus	prep	加上
auto	n	汽车（automobile 的略）
cover	v	覆盖；n 封面
usually	adv	通常
edit	v	编辑
together	adv	一起
videos	n	视频（video 的复数）
percent	n	百分比
fast	adj	快的
function	n	功能；函数
fact	n	事实
unit	n	单元
getting	v	得到（get 的现在分词）
global	adj	全球的
tech	n	科技（technology 的略）
meet	v	遇见；满足
far	adj	远的
economic	adj	经济的
player	n	播放器；运动员
projects	n	项目（project 的复数）
lyrics	n	歌词
often	adv	经常
subscribe	v	订阅
submit	v	提交
germany	n	德国
amount	n	数量
watch	v	观看；n 手表
included	adj	包括的
feel	v	感觉；认为
though	conj	虽然；然而
bank	n	银行
risk	n	风险
thanks	n	感谢
everything	pron	一切
deals	n	交易（deal 的复数）
various	adj	各种各样的
words	n	词（word 的复数）
linux	n	Linux（操作系统名）
production	n	生产
commercial	adj	商业的
james	n	詹姆斯（人名）
weight	n	重量
town	n	镇
heart	n	心；核心
advertising	n	广告
received	v	收到（receive 的过去式）
choose	v	选择
treatment	n	治疗；对待
newsletter	n	通讯（邮件）
archives	n	档案（archive 的复数）
points	n	点（point 的复数）
knowledge	n	知识
magazine	n	杂志
error	n	错误
camera	n	相机
girl	n	女孩
currently	adv	当前
construction	n	建造
toys	n	玩具（toy 的复数）
registered	adj	已注册的
clear	adj	清楚的；v 清除
golf	n	高尔夫球
receive	v	收到
domain	n	域名；领域
methods	n	方法（method 的复数）
chapter	n	章
makes	v	做（make 的第三人称单数）
protection	n	保护
policies	n	政策（policy 的复数）
loan	n	贷款
wide	adj	宽的
beauty	n	美；美丽
manager	n	经理
india	n	印度
position	n	位置；职位
taken	v	拿（take 的过去分词）
sort	n	种类；v 排序
listings	n	清单（listing 的复数）
models	n	模型（model 的复数）
michael	n	迈克尔（人名）
known	adj	已知的（know 的过去分词）
half	n	一半
cases	n	情况（case 的复数）
step	n	步；步骤
engineering	n	工程
florida	n	佛罗里达（美国州名）
simple	adj	简单的
quick	adj	快的
none	pron	没有一个
wireless	adj	无线的
license	n	许可证
paul	n	保罗（人名）
friday	n	星期五
lake	n	湖
whole	adj	整个的
annual	adj	每年的
published	v	出版（publish 的过去式）
later	adv	后来
basic	adj	基础的
shows	v	展示（show 的第三人称单数）
corporate	adj	公司的
church	n	教堂
method	n	方法
purchase	v	购买
customers	n	顾客（customer 的复数）
active	adj	活跃的
response	n	回应
practice	n	练习；实践
hardware	n	硬件
figure	n	数字；人物；v 认为
materials	n	材料（material 的复数）
fire	n	火；解雇
holiday	n	假日
chat	n	聊天
enough	adj	足够的
designed	v	设计（design 的过去式）
along	prep	沿着
among	prep	在……之中
death	n	死亡
writing	n	写；文章
speed	n	速度
countries	n	国家（country 的复数）
loss	n	损失
face	n	脸；v 面对
brand	n	品牌
discount	n	折扣
higher	adj	更高的
effects	n	效果（effect 的复数）
created	v	创造（create 的过去式）
remember	v	记得
standards	n	标准（standard 的复数）
yellow	adj	黄色的
political	adj	政治的
increase	v	增加
advertise	v	做广告
kingdom	n	王国
base	n	基地；v 以……为基础
near	prep	接近
environmental	adj	环境的
thought	n	想法；think 的过去式
stuff	n	东西
french	n	法语；adj 法国的
storage	n	存储
japan	n	日本
doing	v	做（do 的现在分词）
loans	n	贷款（loan 的复数）
shoes	n	鞋（shoe 的复数）
entry	n	条目；进入
stay	v	停留
nature	n	自然；本性
orders	n	订单（order 的复数）
availability	n	可用性
africa	n	非洲
summary	n	摘要
turn	v	转；变成
mean	v	意思是；adj 吝啬的
growth	n	增长
notes	n	笔记（note 的复数）
agency	n	代理机构
king	n	国王
monday	n	星期一
european	adj	欧洲的
activity	n	活动
copy	v	复制；n 副本
although	conj	虽然
drug	n	药；毒品
western	adj	西方的
income	n	收入
force	n	力量；v 强制
cash	n	现金
employment	n	就业
overall	adj	总体的
bay	n	海湾
river	n	河
commission	n	委员会；佣金
ad	n	广告（advertisement 的略）
package	n	包裹；软件包
contents	n	内容（content 的复数）
seen	v	看见（see 的过去分词）
players	n	运动员；播放器（player 的复数）
engine	n	发动机；引擎
port	n	港口；端口
album	n	专辑；相册
regional	adj	地区的
stop	v	停止
supplies	n	供应品（supply 的复数）
started	v	开始（start 的过去式）
administration	n	管理；行政
institute	n	学院；研究所
views	n	观点（view 的复数）
plans	n	计划（plan 的复数）
double	adj	两倍的
dog	n	狗
build	v	建造
screen	n	屏幕
exchange	n	交换；v 交换
types	n	类型（type 的复数）
soon	adv	很快
sponsored	adj	赞助的
lines	n	线（line 的复数）
electronic	adj	电子的
continue	v	继续
across	prep	穿过
benefits	n	好处（benefit 的复数）
needed	adj	需要的
season	n	季节
apply	v	申请；应用
someone	pron	某人
held	v	举行（hold 的过去式）
anything	pron	任何事物
printer	n	打印机
condition	n	条件；状况
effective	adj	有效的
believe	v	相信
organization	n	组织
effect	n	效果
asked	v	问（ask 的过去式）
mind	n	头脑；v 介意
sunday	n	星期日
selection	n	选择
lost	adj	失去的（lose 的过去式）
tour	n	旅行；巡回
menu	n	菜单
volume	n	音量；体积
cross	v	穿过；n 十字
anyone	pron	任何人
mortgage	n	抵押贷款
hope	v	希望
silver	n	银
corporation	n	公司
wish	v	希望；n 愿望
inside	prep	在……里面
solution	n	解决方案
mature	adj	成熟的
role	n	角色
rather	adv	宁愿；相当
weeks	n	星期（week 的复数）
addition	n	加法；另外（in addition）
came	v	来（come 的过去式）
supply	n	供应
nothing	pron	没有东西
certain	adj	确定的
executive	n	主管；adj 行政的
running	v	跑（run 的现在分词）
lower	adj	更低的；v 降低
necessary	adj	必要的
union	n	联盟；工会
jewelry	n	珠宝
according	prep	根据（according to）
clothing	n	衣服
particular	adj	特别的
fine	adj	好的；细微的
names	n	名字（name 的复数）
robert	n	罗伯特（人名）
homepage	n	主页
hour	n	小时
gas	n	气体；汽油
skills	n	技能（skill 的复数）
six	num	六
bush	n	灌木
islands	n	岛（island 的复数）
advice	n	建议
career	n	职业
military	adj	军事的
rental	n	出租
decision	n	决定
leave	v	离开
british	adj	英国的
teens	n	青少年（teen 的复数）
pre	pref	前缀：预先
huge	adj	巨大的
woman	n	女人
facilities	n	设施（facility 的复数）
zip	n	拉链；邮编
bid	n	出价；v 投标
kind	n	种类；adj 善良的
sellers	n	卖家（seller 的复数）
middle	n	中间
move	v	移动
cable	n	电缆；有线电视
opportunities	n	机会（opportunity 的复数）
taking	v	拿（take 的现在分词）
values	n	价值观（value 的复数）
division	n	部门；除法
coming	v	来（come 的现在分词）
tuesday	n	星期二
object	n	物体；v 反对
appropriate	adj	合适的
machine	n	机器
logo	n	标识
length	n	长度
actually	adv	实际上
nice	adj	好的
score	n	分数
statistics	n	统计学；统计数字
client	n	客户
returns	n	返回（return 的复数）
capital	n	首都；资本
follow	v	跟随
sample	n	样本
investment	n	投资
sent	v	发送（send 的过去式）
shown	v	展示（show 的过去分词）
saturday	n	星期六
christmas	n	圣诞节
england	n	英格兰
culture	n	文化
band	n	乐队；带子
lead	v	带领；n 铅
george	n	乔治（人名）
choice	n	选择
went	v	去（go 的过去式）
starting	v	开始（start 的现在分词）
registration	n	登记
thursday	n	星期四
courses	n	课程（course 的复数）
consumer	n	消费者
airport	n	机场
foreign	adj	外国的
artist	n	艺术家
outside	prep	在……外面
furniture	n	家具
levels	n	水平（level 的复数）
channel	n	频道
letter	n	信；字母
mode	n	模式
phones	n	电话（phone 的复数）
ideas	n	想法（idea 的复数）
wednesday	n	星期三
structure	n	结构
fund	n	基金；v 资助
summer	n	夏天
allow	v	允许
degree	n	程度；学位
contract	n	合同
button	n	按钮
releases	n	发行（release 的复数）
homes	n	家（home 的复数）
super	adj	超级的
male	adj	男性的
matter	n	事情；v 要紧
custom	adj	定制的；n 习俗
virginia	n	弗吉尼亚（美国州名）
almost	adv	几乎
took	v	拿（take 的过去式）
located	adj	位于的
multiple	adj	多个的
asian	adj	亚洲的
distribution	n	分配；发行
editor	n	编辑
inn	n	小旅馆
industrial	adj	工业的
cause	n	原因；v 导致
potential	adj	潜在的；n 潜力
song	n	歌
focus	n	焦点；v 集中
late	adj	晚的
fall	n	秋天；v 落下
featured	adj	精选的
idea	n	想法
rooms	n	房间（room 的复数）
female	adj	女性的
responsible	adj	负责的
communications	n	通信（communication 的复数）
win	v	赢
associated	adj	有关的
thomas	n	托马斯（人名）
primary	adj	主要的；初级的
cancer	n	癌
numbers	n	数字（number 的复数）
reason	n	原因
tool	n	工具
browser	n	浏览器
spring	n	春天；泉
foundation	n	基础；基金会
answer	n	回答
voice	n	声音
friendly	adj	友好的
schedule	n	日程；v 安排
documents	n	文件（document 的复数）
communication	n	交流
purpose	n	目的
feature	n	特征
bed	n	床
comes	v	来（come 的第三人称单数）
police	n	警察
everyone	pron	每个人
independent	adj	独立的
approach	n	方法；v 接近
cameras	n	相机（camera 的复数）
brown	adj	棕色的
physical	adj	身体的；物理的
operating	adj	操作的
hill	n	小山
maps	n	地图（map 的复数）
medicine	n	药；医学
deal	n	交易
hold	v	握住；举行
chicago	n	芝加哥
forms	n	表格（form 的复数）
glass	n	玻璃
happy	adj	快乐的
smith	n	史密斯（姓氏）
wanted	v	想要（want 的过去式）
developed	adj	发达的
thank	v	感谢
safe	adj	安全的
unique	adj	独特的
survey	n	调查
prior	adj	在先的
telephone	n	电话
sport	n	运动
ready	adj	准备好的
feed	v	喂；n 订阅源
animal	n	动物
sources	n	来源（source 的复数）
mexico	n	墨西哥
population	n	人口
regular	adj	规则的；定期的
secure	adj	安全的
navigation	n	导航
operations	n	操作（operation 的复数）
therefore	adv	因此
simply	adv	简单地；仅仅
evidence	n	证据
station	n	车站；站
christian	adj	基督教的；n 基督徒
round	n	轮；adj 圆的
paypal	n	PayPal（支付平台名）
favorite	adj	最喜爱的；n 最爱
understand	v	理解
option	n	选项
master	n	主人；硕士；v 掌握
valley	n	山谷
recently	adv	最近
probably	adv	很可能
rentals	n	出租（rental 的复数）
built	v	建造（build 的过去式）
publications	n	出版物（publication 的复数）
blood	n	血
cut	v	切；削减
carry	v	搬；携带；进行
became	v	变成（become 的过去式）
brought	v	带来（bring 的过去式）
felt	v	感觉（feel 的过去式）
gave	v	给（give 的过去式）
kept	v	保持（keep 的过去式）
knew	v	知道（know 的过去式）
meant	v	意思是（mean 的过去式）
ran	v	跑（run 的过去式）
seem	v	似乎；好像
wait	v	等；等待
walk	v	走；步行
worldwide	adj	全世界的
improve	v	改进
connection	n	连接
publisher	n	出版商
hall	n	大厅
larger	adj	更大的
anti	pref	前缀：反对
networks	n	网络（network 的复数）
earth	n	地球；土
parents	n	父母（parent 的复数）
impact	n	影响
transfer	v	转移；n 转账
introduction	n	介绍
kitchen	n	厨房
strong	adj	强壮的
carolina	n	卡罗来纳（美国州名）
wedding	n	婚礼
properties	n	房产（property 的复数）
hospital	n	医院
ground	n	地面
overview	n	概述
ship	n	船；v 运送
accommodation	n	住宿
owners	n	主人（owner 的复数）
disease	n	疾病
excellent	adj	优秀的
paid	v	支付（pay 的过去式）
italy	n	意大利
perfect	adj	完美的
hair	n	头发
opportunity	n	机会
kit	n	成套工具
classic	adj	经典的
basis	n	基础
command	n	命令
cities	n	城市（city 的复数）
william	n	威廉（人名）
express	v	表达；adj 快速的
award	n	奖
distance	n	距离
tree	n	树
peter	n	彼得（人名）
assessment	n	评估
ensure	v	确保
thus	adv	因此
wall	n	墙
involved	adj	参与的
extra	adj	额外的
especially	adv	尤其
interface	n	界面
partners	n	伙伴（partner 的复数）
budget	n	预算
rated	adj	评为……的
guides	n	指南（guide 的复数）
success	n	成功
maximum	n	最大值
operation	n	操作
existing	adj	现有的
quite	adv	相当
selected	adj	选定的
boy	n	男孩
patients	n	病人（patient 的复数）
restaurants	n	餐馆（restaurant 的复数）
beautiful	adj	美丽的
warning	n	警告
wine	n	酒
locations	n	位置（location 的复数）
horse	n	马
vote	v	投票
forward	adv	向前
flowers	n	花（flower 的复数）
stars	n	星（star 的复数）
significant	adj	重要的
lists	n	清单（list 的复数）
technologies	n	技术（technology 的复数）
owner	n	主人
retail	n	零售
animals	n	动物（animal 的复数）
useful	adj	有用的
directly	adv	直接地
manufacturer	n	制造商
ways	n	方法（way 的复数）
son	n	儿子
providing	v	提供（provide 的现在分词）
rule	n	规则
housing	n	住房
takes	v	拿（take 的第三人称单数）
bring	v	带来
catalog	n	目录
searches	n	搜索（search 的复数）
trying	v	尝试（try 的现在分词）
mother	n	母亲
authority	n	权威；当局
considered	adj	经过考虑的
told	v	告诉（tell 的过去式）
traffic	n	交通；流量
programme	n	节目；计划（英式拼法）
joined	v	加入（join 的过去式）
input	n	输入
strategy	n	策略
feet	n	脚（foot 的复数）
agent	n	代理人
valid	adj	有效的
bin	n	垃圾箱；箱
modern	adj	现代的
senior	adj	年长的；高级的
ireland	n	爱尔兰
teaching	n	教学
door	n	门
grand	adj	宏大的
testing	n	测试
trial	n	试验
charge	n	费用；v 收费
units	n	单元（unit 的复数）
instead	adv	代替
canadian	adj	加拿大的
cool	adj	凉的；酷
normal	adj	正常的
wrote	v	写（write 的过去式）
enterprise	n	企业
ships	n	船（ship 的复数）
entire	adj	整个的
educational	adj	教育的
leading	adj	领先的
metal	n	金属
positive	adj	积极的
fitness	n	健身
chinese	n	汉语；adj 中国的
opinion	n	意见
asia	n	亚洲
football	n	足球
abstract	adj	抽象的；n 摘要
uses	v	使用（use 的第三人称单数）
output	n	输出
funds	n	基金（fund 的复数）
greater	adj	更大的
likely	adv	很可能
develop	v	发展
employees	n	雇员（employee 的复数）
artists	n	艺术家（artist 的复数）
alternative	n	替代方案；adj 可替代的
processing	n	处理
responsibility	n	责任
resolution	n	分辨率；决心
java	n	Java（编程语言名）
guest	n	客人
seems	v	似乎（seem 的第三人称单数）
publication	n	出版物
pass	v	经过；通过；递
relations	n	关系（relation 的复数）
trust	n	信任；v 信任
contains	v	包含（contain 的第三人称单数）
session	n	一场；会话
multi	pref	前缀：多
photography	n	摄影
republic	n	共和国
fees	n	费用（fee 的复数）
components	n	组件（component 的复数）
vacation	n	假期
century	n	世纪
academic	adj	学术的
assistance	n	帮助
completed	v	完成（complete 的过去式）
skin	n	皮肤
graphics	n	图形
indian	adj	印度的；印第安的
ads	n	广告（ad 的复数）
mary	n	玛丽（人名）
expected	adj	预期的
ring	n	戒指；环
grade	n	年级；等级
dating	n	约会
pacific	n	太平洋；adj 太平洋的
mountain	n	山
organizations	n	组织（organization 的复数）
pop	adj	流行的；v 弹出
filter	n	过滤器
mailing	n	邮寄
vehicle	n	车辆
longer	adj	更长的
consider	v	考虑
northern	adj	北方的
behind	prep	在……后面
panel	n	面板
floor	n	地板
german	n	德语；adj 德国的
buying	v	买（buy 的现在分词）
match	n	比赛；v 匹配
proposed	adj	提议的
default	n	默认值
require	v	要求
iraq	n	伊拉克
boys	n	男孩（boy 的复数）
outdoor	adj	户外的
deep	adj	深的
morning	n	早晨
otherwise	adv	否则
allows	v	允许（allow 的第三人称单数）
rest	n	休息；剩余部分
protein	n	蛋白质
plant	n	植物；工厂
reported	adj	据报道的
hit	v	击中；n 热门
transportation	n	交通
pool	n	游泳池；池
mini	adj	迷你的
politics	n	政治
partner	n	伙伴
disclaimer	n	免责声明
authors	n	作者（author 的复数）
boards	n	板（board 的复数）
faculty	n	全体教员
parties	n	聚会；政党（party 的复数）
fish	n	鱼
membership	n	会员资格
mission	n	使命
eye	n	眼睛
string	n	弦；字符串
sense	n	感觉；意义
modified	adj	修改过的
pack	n	包；一组
released	v	发布（release 的过去式）
stage	n	舞台；阶段
internal	adj	内部的
goods	n	商品
recommended	adj	推荐的
born	adj	出生的
unless	conj	除非
richard	n	理查德（人名）
detailed	adj	详细的
japanese	n	日语；adj 日本的
race	n	比赛；种族
approved	adj	批准的
background	n	背景
target	n	目标
except	prep	除……之外
character	n	角色；性格
maintenance	n	维护
ability	n	能力
maybe	adv	也许
functions	n	功能（function 的复数）
moving	v	移动（move 的现在分词）
brands	n	品牌（brand 的复数）
places	n	地方（place 的复数）
pretty	adv	相当；adj 漂亮的
trademarks	n	商标（trademark 的复数）
spain	n	西班牙
southern	adj	南方的
yourself	pron	你自己
etc	adv	等等
winter	n	冬天
battery	n	电池
youth	n	青年
pressure	n	压力
submitted	v	提交（submit 的过去式）
boston	n	波士顿
debt	n	债
keywords	n	关键词（keyword 的复数）
medium	adj	中等的；n 媒介
television	n	电视
interested	adj	感兴趣的
core	n	核心
break	v	打破；n 休息
purposes	n	目的（purpose 的复数）
throughout	prep	遍及
sets	n	套（set 的复数）
dance	v	跳舞
wood	n	木头
itself	pron	它自己
defined	adj	定义的
papers	n	论文（paper 的复数）
playing	v	玩（play 的现在分词）
awards	n	奖（award 的复数）
fee	n	费
studio	n	工作室
reader	n	读者
virtual	adj	虚拟的
device	n	设备
established	adj	成立的
answers	n	回答（answer 的复数）
rent	v	租；n 租金
remote	adj	遥远的；遥控的
dark	adj	黑暗的
programming	n	编程
external	adj	外部的
apple	n	苹果
regarding	prep	关于
instructions	n	说明（instruction 的复数）
offered	v	提供（offer 的过去式）
theory	n	理论
enjoy	v	享受
remove	v	移除
aid	n	帮助
surface	n	表面
minimum	n	最小值
visual	adj	视觉的
host	n	主人；主持人；v 主办
variety	n	种类
teachers	n	老师（teacher 的复数）
martin	n	马丁（人名）
manual	n	手册；adj 手动的
block	n	块；v 阻止
subjects	n	科目（subject 的复数）
agents	n	代理人（agent 的复数）
increased	adj	增加的
repair	v	修理
fair	adj	公平的；集市
civil	adj	公民的
steel	n	钢
understanding	n	理解
songs	n	歌（song 的复数）
fixed	adj	固定的
wrong	adj	错误的
beginning	n	开始
hands	n	手（hand 的复数）
associates	n	同事（associate 的复数）
finally	adv	最终
updates	n	更新（update 的复数）
desktop	n	桌面
classes	n	班（class 的复数）
paris	n	巴黎
ohio	n	俄亥俄（美国州名）
gets	v	得到（get 的第三人称单数）
sector	n	部门
capacity	n	容量
requires	v	要求（require 的第三人称单数）
jersey	n	泽西；毛线衫（New Jersey 新泽西）
fat	n	脂肪；adj 胖的
fully	adv	完全地
father	n	父亲
electric	adj	电的
instruments	n	乐器；仪器（instrument 的复数）
quotes	n	引语（quote 的复数）
officer	n	官员
driver	n	司机；驱动
businesses	n	企业（business 的复数）
dead	adj	死的
respect	n	尊重
unknown	adj	未知的
specified	adj	指定的
restaurant	n	餐馆
mike	n	迈克（人名）
trip	n	旅行
worth	adj	值得的
procedures	n	程序（procedure 的复数）
poor	adj	穷的；差的
teacher	n	老师
eyes	n	眼睛（eye 的复数）
relationship	n	关系
workers	n	工人（worker 的复数）
farm	n	农场
georgia	n	佐治亚（美国州名）
peace	n	和平
traditional	adj	传统的
campus	n	校园
showing	v	展示（show 的现在分词）
creative	adj	有创意的
coast	n	海岸
benefit	n	好处
progress	n	进步
funding	n	资金
devices	n	设备（device 的复数）
lord	n	主；勋爵
grant	n	拨款；v 授予
agree	v	同意
fiction	n	小说
hear	v	听见
sometimes	adv	有时
watches	v	观看（watch 的第三人称单数）；n 手表
careers	n	职业（career 的复数）
beyond	prep	超出；在……那边
goes	v	去（go 的第三人称单数）
families	n	家庭（family 的复数）
museum	n	博物馆
themselves	pron	他们自己
fan	n	风扇；迷
transport	n	运输
interesting	adj	有趣的
blogs	n	博客（blog 的复数）
wife	n	妻子
evaluation	n	评估
accepted	adj	接受的
former	adj	以前的
implementation	n	实施
ten	num	十
hits	n	点击；热门（hit 的复数）
zone	n	区域
complex	adj	复杂的
galleries	n	画廊（gallery 的复数）
references	n	参考（reference 的复数）
die	v	死
presented	v	展示（present 的过去式）
flat	adj	平的；公寓
flow	n	流；v 流动
agencies	n	机构（agency 的复数）
literature	n	文学
respective	adj	各自的
parent	n	父母
spanish	n	西班牙语；adj 西班牙的
michigan	n	密歇根（美国州名）
columbia	n	哥伦比亚（地名）
setting	n	设置；环境
scale	n	规模；刻度
stand	v	站立；n 立场
economy	n	经济
highest	adj	最高的
helpful	adj	有帮助的
monthly	adj	每月的
critical	adj	关键的；批评的
frame	n	框架
musical	adj	音乐的
definition	n	定义
secretary	n	秘书；部长
networking	n	人际网络；组网
path	n	路径
australian	adj	澳大利亚的
employee	n	雇员
chief	n	首领；adj 首席的
gives	v	给（give 的第三人称单数）
bottom	n	底部
magazines	n	杂志（magazine 的复数）
packages	n	包裹（package 的复数）
detail	n	细节
francisco	n	旧金山（San Francisco）
laws	n	法律（law 的复数）
changed	v	改变（change 的过去式）
pet	n	宠物
heard	v	听见（hear 的过去式）
begin	v	开始
individuals	n	个人（individual 的复数）
colorado	n	科罗拉多（美国州名）
royal	adj	皇家的
clean	adj	干净的；v 打扫
switch	v	切换；n 开关
russian	n	俄语；adj 俄罗斯的
largest	adj	最大的
african	adj	非洲的
titles	n	标题（title 的复数）
relevant	adj	相关的
guidelines	n	指导方针
justice	n	正义；司法
connect	v	连接
bible	n	圣经
basket	n	篮子
applied	adj	应用的
weekly	adj	每周的
installation	n	安装
described	v	描述（describe 的过去式）
demand	n	需求；v 要求
suite	n	套房；套件
vegas	n	拉斯维加斯（Las Vegas）
square	n	正方形；广场
chris	n	克里斯（人名）
attention	n	注意
advance	n	前进；adv 预先
skip	v	跳过
diet	n	饮食
army	n	军队
auction	n	拍卖
gear	n	装备
difference	n	差别
allowed	adj	允许的
correct	adj	正确的；v 改正
charles	n	查尔斯（人名）
nation	n	国家
selling	v	卖（sell 的现在分词）
lots	n	许多（a lot of）
piece	n	片；件
sheet	n	一张纸；床单
firm	n	公司；adj 坚定的
seven	num	七
older	adj	更老的
illinois	n	伊利诺伊（美国州名）
regulations	n	规章（regulation 的复数）
elements	n	元素（element 的复数）
species	n	物种
jump	v	跳
cells	n	细胞（cell 的复数）
module	n	模块
resort	n	度假村
facility	n	设施
random	adj	随机的
pricing	n	定价
certificate	n	证书
minister	n	部长；牧师
motion	n	运动；动议
looks	v	看（look 的第三人称单数）
fashion	n	时尚
directions	n	方向（direction 的复数）
visitors	n	访客（visitor 的复数）
documentation	n	文档
monitor	n	显示器；v 监控
trading	n	交易
forest	n	森林
calls	v	打电话（call 的第三人称单数）
whose	pron	谁的
coverage	n	覆盖
couple	n	一对；夫妻
giving	v	给（give 的现在分词）
chance	n	机会
vision	n	视觉；愿景
ball	n	球
ending	n	结尾
clients	n	客户（client 的复数）
actions	n	行动（action 的复数）
listen	v	听
discuss	v	讨论
accept	v	接受
automotive	adj	汽车的
goal	n	目标
successful	adj	成功的
sold	v	卖（sell 的过去式）
wind	n	风
communities	n	社区（community 的复数）
clinical	adj	临床的
situation	n	情况
sciences	n	科学（science 的复数）
markets	n	市场（market 的复数）
lowest	adj	最低的
highly	adv	非常；高度地
publishing	n	出版
appear	v	出现
emergency	n	紧急情况
developing	adj	发展中的
lives	n	生命（life 的复数）；v 居住（live 的第三人称单数）
currency	n	货币
leather	n	皮革
determine	v	决定；确定
temperature	n	温度
palm	n	手掌；棕榈
announcements	n	公告（announcement 的复数）
patient	n	病人；adj 有耐心的
actual	adj	实际的
historical	adj	历史的
stone	n	石头
commerce	n	商业
perhaps	adv	也许
persons	n	人（person 的复数）
difficult	adj	困难的
scientific	adj	科学的
satellite	n	卫星
tests	n	测试（test 的复数）
village	n	村庄
accounts	n	账户（account 的复数）
ex	n	前（夫/女友等）
pain	n	疼痛
particularly	adv	尤其
factors	n	因素（factor 的复数）
coffee	n	咖啡
settings	n	设置（setting 的复数）
buyer	n	买家
cultural	adj	文化的
steve	n	史蒂夫（人名）
easily	adv	容易地
oral	adj	口头的
ford	n	福特（姓氏）
poster	n	海报
edge	n	边缘
functional	adj	功能的
root	n	根
closed	adj	关闭的
holidays	n	假日（holiday 的复数）
ice	n	冰
pink	adj	粉色的
zealand	n	新西兰（New Zealand）
balance	n	平衡；余额
monitoring	n	监控
graduate	n	毕业生；v 毕业
replies	n	回复（reply 的复数）
shot	n	拍摄；射击
architecture	n	建筑；架构
initial	adj	最初的
label	n	标签
thinking	n	思考
scott	n	斯科特（人名）
sec	n	秒（second 的略）
recommend	v	推荐
canon	n	佳能（品牌名）；正典
league	n	联盟
waste	v	浪费；n 浪费
minute	n	分钟
bus	n	公共汽车
provider	n	提供者
optional	adj	可选的
dictionary	n	词典
cold	adj	冷的
accounting	n	会计
manufacturing	n	制造
sections	n	部分（section 的复数）
chair	n	椅子；主席
fishing	n	钓鱼
effort	n	努力
phase	n	阶段
fields	n	领域（field 的复数）
bag	n	包
fantasy	n	幻想
letters	n	信；字母（letter 的复数）
motor	n	发动机
or	conj	或者
sun	n	太阳
net	n	网；净的
van	n	厢式货车
ass	n	屁股；驴
bar	n	酒吧；条；v 阻挡
bit	n	一点；少量
cat	n	猫
cup	n	杯子
fax	n	传真
fit	adj	健康的；v 合身
flash	n	闪光；v 闪现
forums	n	论坛（forum 的复数）
guy	n	家伙；人
hi	int	嗨（打招呼）
hot	adj	热的；辣的
max	adv	最多（maximum 的略）
met	v	遇见（meet 的过去式）
mr	n	先生
oil	n	油；石油
ratings	n	评级（rating 的复数）
saw	n	锯子；v 看见（see 的过去式）
sea	n	海
